﻿<parameters>
  <parameter name="IIS Web Application Name" defaultValue="Muffin Test site" tags="IisApp">
    <parameterEntry kind="ProviderPath" scope="IisApp" match="^C:\\Projects\\Muffin\\Example\\obj\\Release\\Package\\PackageTmp$" />
    <parameterEntry kind="ProviderPath" scope="setAcl" match="^C:\\Projects\\Muffin\\Example\\obj\\Release\\Package\\PackageTmp$" />
  </parameter>
  <parameter name="Add write permission to App_Data Folder" description="Add write permission to App_Data folder" defaultValue="{IIS Web Application Name}/App_Data" tags="Hidden">
    <parameterEntry kind="ProviderPath" scope="setAcl" match="^C:\\Projects\\Muffin\\Example\\obj\\Release\\Package\\PackageTmp\\App_Data$" />
  </parameter>
  <parameter name="umbracoDbDSN-Web.config Connection String" defaultValue="Data Source=|DataDirectory|\Umbraco.sdf;Flush Interval=1;">
    <parameterEntry kind="XmlFile" scope="C:\\Projects\\Muffin\\Example\\obj\\Release\\Package\\PackageTmp\\Web\.config$" match="/configuration/connectionStrings/add[@name='umbracoDbDSN']/@connectionString" />
  </parameter>
</parameters>